id_factura,dia,mes,año,hora.1.1,id_cliente,pais,cantidad,monto,nombre,correo,id_categoria,id_fecha,id_paises
548370,3,30,2021,04:14,15528,United Kingdom,123,22933, Daniel Rivera, daniel.rivera@example.com,cat0001,1,1
575767,11,11,2021,11:11,17348,United Kingdom,163,20973, Sophia Lopez, sophia.lopez@example.com,cat0002,2,1
549106,4,6,2021,12:08,17045,United Kingdom,1,3995, Liam Murphy, liam.murphy@example.com,cat0003,3,1
573112,10,27,2021,03:33,16416,United Kingdom,357,34483, Mia Thompson, mia.thompson@example.com,cat0004,4,1
576630,11,16,2021,08:38,13816,Germany,91,19998, Noah Smith, noah.smith@example.com,cat0005,5,2
538125,12,9,2020,03:46,18225,United Kingdom,16,3000, Isabella Johnson, isabella.johnson@example.com,cat0006,6,1
544354,2,18,2021,10:42,13489,United Kingdom,64,7728, Mason Brown, mason.brown@example.com,cat0007,7,1
546369,3,11,2021,11:41,15513,United Kingdom,10,6750, Ava Martinez, ava.martinez@example.com,cat0001,8,1
570651,10,11,2021,01:34,14911,EIRE,86,32135, Jacob Garcia, jacob.garcia@example.com,cat0002,9,3
575581,11,10,2021,11:53,12659,France,105,9168, Charlotte Lee, charlotte.lee@example.com,cat0003,10,4
580987,12,6,2021,04:35,17389,United Kingdom,96,72000, Ethan Wilson, ethan.wilson@example.com,cat0004,11,1
543754,2,11,2021,02:26,18159,United Kingdom,139,53015, Amelia Clark, amelia.clark@example.com,cat0005,12,1
563233,8,14,2021,03:56,17988,United Kingdom,1,295, Logan Lewis, logan.lewis@example.com,cat0006,13,1
545417,3,2,2021,01:42,15622,United Kingdom,222,57600, Harper Walker, harper.walker@example.com,cat0007,14,1
576571,11,15,2021,01:48,12950,United Kingdom,164,31160, Aiden Hall, aiden.hall@example.com,cat0008,15,1
550623,4,19,2021,01:56,13719,United Kingdom,78,13290, Evelyn Allen, evelyn.allen@example.com,cat0009,16,1
576083,11,14,2021,08:22,17404,Sweden,1060,123848, Lucas Young, lucas.young@example.com,cat0005,17,5
570733,10,12,2021,11:33,17190,United Kingdom,160,24974, Abigail Hernandez, abigail.hernandez@example.com,cat0006,18,1
537026,12,3,2020,04:35,12395,Belgium,528,34610, Elijah King, elijah.king@example.com,cat0007,19,6
552837,5,11,2021,02:24,12901,United Kingdom,72,14004, Ella Wright, ella.wright@example.com,cat0008,20,1
550535,4,19,2021,11:19,14211,United Kingdom,72,15560, James Scott, james.scott@example.com,cat0001,21,1
555213,6,1,2021,12:22,13094,United Kingdom,144,15264, Scarlett Green, scarlett.green@example.com,cat0002,22,1
549923,4,13,2021,09:59,13138,United Kingdom,72,19362, Benjamin Adams, benjamin.adams@example.com,cat0003,23,1
575198,11,9,2021,09:47,12921,United Kingdom,19,7125, Grace Baker, grace.baker@example.com,cat0004,24,1
569005,9,29,2021,06:30,16268,United Kingdom,465,49376, Alexander Gonzalez, alexander.gonzalez@example.com,cat0005,25,1
566307,9,12,2021,09:37,14307,United Kingdom,323,65623, Lily Nelson, lily.nelson@example.com,cat0006,26,1
539049,12,15,2020,04:21,15615,United Kingdom,364,104864, Michael Carter, michael.carter@example.com,cat0006,27,1
580068,12,1,2021,01:41,17321,United Kingdom,5,4125, Zoey Mitchell, zoey.mitchell@example.com,cat0002,28,1
542745,1,31,2021,04:47,15881,United Kingdom,154,33929, Sebastian Perez, sebastian.perez@example.com,cat0003,29,1
575525,11,10,2021,11:06,13983,United Kingdom,72,12888, Aria Roberts, aria.roberts@example.com,cat0004,30,1
565682,9,6,2021,10:42,14796,United Kingdom,467,83595, Henry Turner, henry.turner@example.com,cat0005,31,1
562220,8,3,2021,02:19,15150,United Kingdom,108,30442, Chloe Phillips, chloe.phillips@example.com,cat0006,32,1
562002,8,1,2021,01:48,14567,United Kingdom,172,80076, Jackson Campbell, jackson.campbell@example.com,cat0007,33,1
538010,12,9,2020,12:20,17526,United Kingdom,40,22680, Natalie Parker, natalie.parker@example.com,cat0004,34,1
579089,11,28,2021,10:46,17920,United Kingdom,58,11111, Levi Evans, levi.evans@example.com,cat0005,35,1
560713,7,20,2021,01:09,16774,United Kingdom,56,16080, Aurora Edwards, aurora.edwards@example.com,cat0006,36,1
571098,10,13,2021,03:38,17841,United Kingdom,200,43743, Owen Collins, owen.collins@example.com,cat0001,37,1
574994,11,8,2021,11:03,17870,United Kingdom,62,14311, Hannah Stewart, hannah.stewart@example.com,cat0002,38,1
570257,10,10,2021,09:56,13767,United Kingdom,129,38031, Mateo Sanchez, mateo.sanchez@example.com,cat0003,39,1
541669,1,20,2021,12:29,17315,United Kingdom,172,33176, Layla Morris, layla.morris@example.com,cat0004,40,1
552404,5,9,2021,12:39,15932,United Kingdom,262,30502, Carter Rogers, carter.rogers@example.com,cat0005,41,1
566035,9,8,2021,01:17,12839,United Kingdom,286,41358, Victoria Reed, victoria.reed@example.com,cat0006,42,1
576911,11,17,2021,10:01,17461,United Kingdom,342,34920, Julian Cook, julian.cook@example.com,cat0007,43,1
572272,10,21,2021,04:18,13171,United Kingdom,60,13254, Penelope Morgan, penelope.morgan@example.com,cat0008,44,1
577783,11,21,2021,04:20,18139,United Kingdom,1644,278640, Wyatt Bell, wyatt.bell@example.com,cat0009,45,1
578757,11,25,2021,11:41,12748,United Kingdom,256,42041, Riley Murphy, riley.murphy@example.com,cat0006,46,1
542351,1,27,2021,12:13,14560,United Kingdom,39,15225, Gabriel Bailey, gabriel.bailey@example.com,cat0007,47,1
559164,7,6,2021,04:39,16422,United Kingdom,406,58746, Zoe Rivera, zoe.rivera@example.com,cat0008,48,1
578150,11,23,2021,11:18,16020,United Kingdom,10,1650, Grayson Cooper, grayson.cooper@example.com,cat0009,49,1
558770,7,3,2021,03:19,12748,United Kingdom,60,11555, Nora Richardson, nora.richardson@example.com,cat0005,50,1
580386,12,4,2021,10:29,18065,United Kingdom,50,18890, Isaac Cox, isaac.cox@example.com,cat0002,51,1
570252,10,10,2021,09:14,14665,United Kingdom,238,55952, Ellie Howard, ellie.howard@example.com,cat0003,52,1
536782,12,2,2020,03:18,17567,United Kingdom,244,51795, Anthony Ward, anthony.ward@example.com,cat0004,53,1
551984,5,5,2021,02:37,15841,United Kingdom,234,28166, Hazel Peterson, hazel.peterson@example.com,cat0005,54,1
564476,8,25,2021,12:57,12610,Italy,168,30950, Lincoln Gray, lincoln.gray@example.com,cat0006,55,7
540353,1,6,2021,02:53,13764,United Kingdom,282,49989, Stella Ramirez, stella.ramirez@example.com,cat0007,56,1
558706,7,1,2021,12:52,16839,United Kingdom,320,41696, Nathan James, nathan.james@example.com,cat0008,57,1
566278,9,11,2021,02:05,13614,United Kingdom,67,30215, Lucy Watson, lucy.watson@example.com,cat0004,58,1
540477,1,7,2021,02:49,13233,United Kingdom,404,30424, Caleb Brooks, caleb.brooks@example.com,cat0005,59,1
569695,10,5,2021,03:35,16843,United Kingdom,938,99388, Lillian Kelly, lillian.kelly@example.com,cat0006,60,1
538308,12,10,2020,01:29,14107,United Kingdom,268,36324, Christian Sanders, christian.sanders@example.com,cat0004,61,1
549054,4,6,2021,10:21,17719,United Kingdom,109,31219, Zoey Price, zoey.price@example.com,cat0005,62,1
555626,6,6,2021,11:55,16103,United Kingdom,92,27080, Samuel Bennett, samuel.bennett@example.com,cat0006,63,1
563921,8,21,2021,02:00,16407,United Kingdom,2,1590, Leah Wood, leah.wood@example.com,cat0007,64,1
563943,8,22,2021,10:04,13139,United Kingdom,268,54092, Dylan Barnes, dylan.barnes@example.com,cat0008,65,1
575854,11,11,2021,12:20,14125,United Kingdom,486,111108, Audrey Ross, audrey.ross@example.com,cat0009,66,1
552764,5,11,2021,11:34,17489,United Kingdom,232,20856, Leo Henderson, leo.henderson@example.com,cat0004,67,1
571407,10,17,2021,12:16,13750,United Kingdom,85,33063, Savannah Coleman, savannah.coleman@example.com,cat0005,68,1
548208,3,29,2021,05:12,14189,United Kingdom,224,31410, Hunter Jenkins, hunter.jenkins@example.com,cat0006,69,1
556922,6,15,2021,01:56,12748,United Kingdom,5,1425, Brooklyn Perry, brooklyn.perry@example.com,cat0005,70,1
572076,10,20,2021,02:01,13761,United Kingdom,418,57894, Eli Powell, eli.powell@example.com,cat0006,71,1
544189,2,16,2021,04:40,15867,United Kingdom,36,13300, Bella Long, bella.long@example.com,cat0007,72,1
562543,8,5,2021,03:45,13552,United Kingdom,216,46390, Jonathan Patterson, jonathan.patterson@example.com,cat0008,73,1
573136,10,27,2021,05:00,12709,Germany,110,26868, Skylar Hughes, skylar.hughes@example.com,cat0004,74,2
558261,6,28,2021,08:39,16945,United Kingdom,24,1008, Aaron Flores, aaron.flores@example.com,cat0005,75,1
581482,12,9,2021,09:08,17490,United Kingdom,228,48840, Violet Washington, violet.washington@example.com,cat0006,76,1
559538,7,10,2021,12:25,16880,United Kingdom,135,26949, Cameron Butler, cameron.butler@example.com,cat0007,77,1
548862,4,4,2021,01:47,17956,United Kingdom,1,1275, Claire Simmons, claire.simmons@example.com,cat0008,78,1
565569,9,5,2021,12:21,14111,United Kingdom,18,4830, Ezra Foster, ezra.foster@example.com,cat0009,79,1
556047,6,8,2021,12:57,12901,United Kingdom,90,27624, Paisley Bryant, paisley.bryant@example.com,cat0001,80,1
548189,3,29,2021,03:15,16607,United Kingdom,163,14141, Thomas Alexander, thomas.alexander@example.com,cat0002,81,1
557213,6,17,2021,12:16,15021,United Kingdom,119,21814, Eleanor Russell, eleanor.russell@example.com,cat0003,82,1
571310,10,17,2021,10:17,13394,United Kingdom,463,37173, Charles Griffin, charles.griffin@example.com,cat0004,83,1
542254,1,26,2021,04:41,14733,United Kingdom,133,51169, Kennedy Diaz, kennedy.diaz@example.com,cat0005,84,1
548546,3,31,2021,07:20,16600,United Kingdom,186,11160, Josiah Hayes, josiah.hayes@example.com,cat0006,85,1
558563,6,30,2021,01:43,14561,United Kingdom,192,34492, Sadie Myers, sadie.myers@example.com,cat0007,86,1
546034,3,9,2021,09:44,14032,United Kingdom,291,30964, Christopher Ford, christopher.ford@example.com,cat0008,87,1
557602,6,21,2021,11:57,14110,United Kingdom,156,37972, Addison Hamilton, addison.hamilton@example.com,cat0009,88,1
544596,2,21,2021,05:35,16441,United Kingdom,110,21100, Miles Graham, miles.graham@example.com,cat0001,89,1
553006,5,12,2021,04:45,15544,United Kingdom,393,56035, Hailey Sullivan, hailey.sullivan@example.com,cat0002,90,1
542634,1,31,2021,10:42,15448,United Kingdom,232,49464, Andrew Wallace, andrew.wallace@example.com,cat0003,91,1
540536,1,9,2021,02:21,17757,United Kingdom,93,14550, Anna West, anna.west@example.com,cat0004,92,1
536568,12,1,2020,03:28,16048,United Kingdom,12,504, Roman Stone, roman.stone@example.com,cat0005,93,1
545686,3,6,2021,12:09,18211,United Kingdom,56,13790, Caroline Cole, caroline.cole@example.com,cat0006,94,1
553861,5,19,2021,01:58,13591,United Kingdom,135,31403, Isaiah Bishop, isaiah.bishop@example.com,cat0007,95,1
567370,9,20,2021,09:13,14236,United Kingdom,272,30156, Genesis Warren, genesis.warren@example.com,cat0008,96,1
560034,7,14,2021,01:35,13933,United Kingdom,113,30099, Connor Hunter, connor.hunter@example.com,cat0009,97,1
547419,3,23,2021,10:27,15061,United Kingdom,1135,164958, Elena Black, elena.black@example.com,cat0001,98,1
6565681,9,6,2021,10:42,15521,United Kingdom,92,19240, Adam Daniels, adam.daniels@example.com,cat0002,99,1
565680,9,6,2021,10:27,14560,United Kingdom,240,10080, Emily Rivera,@example.com,cat0003,100,1
561244,7,26,2021,11:24,13865,United Kingdom,54,10082, Daniel Lopez,@example.com,cat0004,101,1
542155,1,26,2021,10:51,15777,United Kingdom,112,28560, Sophia Murphy,@example.com,cat0005,102,1
572023,10,20,2021,11:03,17764,United Kingdom,247,55685, Liam Thompson,@example.com,cat0006,103,1
577749,11,21,2021,02:26,16242,United Kingdom,299,53420, Mia Smith,@example.com,cat0004,104,1
550901,4,21,2021,12:12,13389,United Kingdom,115,25789, Noah Johnson,@example.com,cat0005,105,1
555546,6,5,2021,01:09,17735,United Kingdom,118,22830, Isabella Brown,@example.com,cat0006,106,1
561900,7,31,2021,03:31,16655,United Kingdom,523,63819, Mason Martinez,@example.com,cat0007,107,1
547963,3,28,2021,03:42,13037,United Kingdom,158,25042, Ava Garcia,@example.com,cat0005,108,1
575968,11,13,2021,12:47,14882,United Kingdom,92,34180, Jacob Lee,@example.com,cat0006,109,1
571745,10,19,2021,10:48,14911,EIRE,711,158875, Charlotte Wilson,@example.com,cat0007,110,3
543115,2,3,2021,01:27,14606,United Kingdom,72,12075, Ethan Clark,@example.com,cat0003,111,1
552947,5,12,2021,11:57,16943,United Kingdom,20,17210, Amelia Lewis,@example.com,cat0004,112,1
550002,4,14,2021,09:30,12709,Germany,41,6800, Logan Walker,@example.com,cat0005,113,2
569539,10,4,2021,03:58,18102,United Kingdom,112,55776, Harper Hall,@example.com,cat0006,114,1
545812,3,7,2021,12:26,14214,United Kingdom,313,63865, Aiden Allen,@example.com,cat0006,115,1
569740,10,6,2021,10:52,15769,United Kingdom,1600,292400, Evelyn Young,@example.com,cat0007,116,1
564648,8,26,2021,02:04,15641,United Kingdom,466,58182, Lucas Hernandez,@example.com,cat0008,117,1
551859,5,4,2021,03:37,14336,United Kingdom,301,23003, Abigail King,@example.com,cat0009,118,1
538070,12,9,2020,02:08,16519,United Kingdom,24,10370, Elijah Wright,@example.com,cat0006,119,1
576848,11,16,2021,03:38,15051,United Kingdom,124,24568, Ella Scott,@example.com,cat0006,120,1
546442,3,14,2021,10:38,15159,United Kingdom,54,20730, James Green,@example.com,cat0007,121,1
560422,7,18,2021,03:14,16746,United Kingdom,162,30018, Scarlett Adams,@example.com,cat0008,122,1
559948,7,14,2021,10:41,12653,Israel,633,143075, Benjamin Baker,@example.com,cat0009,123,8
539688,12,21,2020,11:00,12678,France,1,15000, Grace Gonzalez,@example.com,cat0005,124,4
548916,4,5,2021,10:07,14849,United Kingdom,377,42234, Alexander Nelson,@example.com,cat0006,125,1
565851,9,7,2021,01:06,14911,EIRE,332,63729, Lily Carter,@example.com,cat0007,126,3
538909,12,15,2020,10:48,13491,United Kingdom,18,9750, Michael Mitchell,@example.com,cat0008,127,1
553475,5,17,2021,11:31,18102,United Kingdom,306,86640, Zoey Perez,@example.com,cat0005,128,1
536523,12,1,2020,12:50,12868,United Kingdom,112,20330, Sebastian Roberts,@example.com,cat0006,129,1
547571,3,24,2021,09:52,16265,United Kingdom,182,43230, Aria Turner,@example.com,cat0007,130,1
557871,6,23,2021,12:41,13458,United Kingdom,130,30078, Henry Phillips,@example.com,cat0008,131,1
553017,5,12,2021,07:01,12757,Portugal,311,60283, Chloe Campbell,@example.com,cat0009,132,9
549471,4,8,2021,02:39,17389,United Kingdom,72,7350, Jackson Parker,@example.com,cat0002,133,1
573924,11,2,2021,09:45,15065,United Kingdom,202,29938, Natalie Evans,@example.com,cat0003,134,1
576641,11,16,2021,09:59,17549,United Kingdom,150,12066, Levi Edwards,@example.com,cat0004,135,1
574746,11,7,2021,08:30,16523,United Kingdom,198,67680, Aurora Collins,@example.com,cat0005,136,1
546019,3,8,2021,05:25,14507,United Kingdom,50,3949, Owen Stewart,@example.com,cat0006,137,1
556809,6,14,2021,04:48,17179,United Kingdom,82,22348, Hannah Sanchez,@example.com,cat0007,138,1
567768,9,22,2021,11:17,15950,United Kingdom,123,25584, Mateo Morris,@example.com,cat0008,139,1
574661,11,6,2021,11:56,13447,United Kingdom,166,43030, Layla Rogers,@example.com,cat0003,140,1
549838,4,12,2021,01:39,16705,United Kingdom,48,9600, Carter Reed,@example.com,cat0004,141,1
547519,3,23,2021,02:46,16308,United Kingdom,1000,32000, Victoria Cook,@example.com,cat0005,142,1
577080,11,17,2021,03:24,17001,United Kingdom,172,35760, Julian Morgan,@example.com,cat0006,143,1
560048,7,14,2021,03:02,13515,United Kingdom,127,13216, Penelope Bell,@example.com,cat0007,144,1
568709,9,28,2021,03:42,15036,United Kingdom,176,21986, Wyatt Murphy,@example.com,cat0008,145,1
578171,11,23,2021,11:36,17685,United Kingdom,207,39240, Riley Bailey,@example.com,cat0001,146,1
576400,11,15,2021,10:51,13632,United Kingdom,288,45214, Gabriel Rivera,@example.com,cat0002,147,1
542083,1,25,2021,12:26,18008,United Kingdom,355,13081, Zoe Cooper,@example.com,cat0003,148,1
579759,11,30,2021,03:02,15251,United Kingdom,244,36388, Grayson Richardson,@example.com,cat0004,149,1
537628,12,7,2020,03:02,16293,United Kingdom,189,37875, Nora Cox,@example.com,cat0005,150,1
542096,1,25,2021,12:52,17236,United Kingdom,141,19933, Isaac Howard,@example.com,cat0006,151,1
576909,11,17,2021,09:49,12471,Germany,519,107212, Ellie Ward,@example.com,cat0007,152,2
560105,7,14,2021,07:23,16794,United Kingdom,263,22213, Anthony Peterson,@example.com,cat0001,153,1
541709,1,21,2021,11:09,17504,United Kingdom,233,44115, Hazel Gray,@example.com,cat0002,154,1
578272,11,23,2021,01:40,17463,United Kingdom,126,19831, Lincoln Ramirez,@example.com,cat0003,155,1
555363,6,2,2021,02:15,14453,United Kingdom,49,11993, Stella James,@example.com,cat0004,156,1
566033,9,8,2021,01:07,16031,United Kingdom,204,24331, Nathan Watson,@example.com,cat0005,157,1
562155,8,3,2021,11:24,17940,United Kingdom,648,16200, Lucy Brooks,@example.com,cat0006,158,1
561047,7,24,2021,12:46,16948,United Kingdom,1368,19448, Caleb Kelly,@example.com,cat0007,159,1
568527,9,27,2021,01:21,13178,United Kingdom,539,76500, Lillian Sanders,@example.com,cat0008,160,1
563382,8,16,2021,10:50,18221,United Kingdom,145,16985, Christian Price,@example.com,cat0009,161,1
549196,4,7,2021,10:33,14911,EIRE,271,35623, Zoey Bennett,@example.com,cat0005,162,3
577599,11,21,2021,08:26,15738,United Kingdom,202,31690, Samuel Wood,@example.com,cat0006,163,1
569567,10,5,2021,09:56,16059,United Kingdom,40,10530, Leah Barnes,@example.com,cat0007,164,1
576347,11,14,2021,03:38,13268,United Kingdom,2,820, Dylan Ross,@example.com,cat0008,165,1
544569,2,21,2021,12:58,16980,United Kingdom,418,73236, Audrey Henderson,@example.com,cat0001,166,1
542865,2,1,2021,12:08,12929,United Kingdom,37,11785, Leo Coleman,@example.com,cat0002,167,1
562789,8,9,2021,01:50,14646,Netherlands,7807,1234121, Savannah Jenkins,@example.com,cat0006,168,10
567798,9,22,2021,12:00,13089,United Kingdom,331,88663, Hunter Perry,@example.com,cat0004,169,1
565577,9,5,2021,12:24,14177,United Kingdom,2,750, Brooklyn Powell,@example.com,cat0005,170,1
550915,4,21,2021,01:30,13263,United Kingdom,69,13359, Eli Long,@example.com,cat0006,171,1
541293,1,17,2021,01:39,15311,United Kingdom,145,39457, Bella Patterson,@example.com,cat0006,172,1
578688,11,25,2021,09:27,16719,United Kingdom,235,29267, Jonathan Hughes,@example.com,cat0002,173,1
560896,7,21,2021,05:26,15623,United Kingdom,125,30103, Skylar Flores,@example.com,cat0003,174,1
561711,7,29,2021,11:45,13414,United Kingdom,368,53280, Aaron Washington,@example.com,cat0004,175,1
575701,11,10,2021,04:59,13396,United Kingdom,461,97372, Violet Butler,@example.com,cat0005,176,1
547886,3,28,2021,09:21,13652,United Kingdom,178,32944, Cameron Simmons,@example.com,cat0006,177,1
562467,8,5,2021,11:50,13513,United Kingdom,109,20510, Claire Foster,@example.com,cat0007,178,1
563927,8,21,2021,03:01,14013,United Kingdom,258,19922, Ezra Bryant,@example.com,cat0004,179,1
581471,12,8,2021,07:29,14702,United Kingdom,76,19929, Paisley Alexander,@example.com,cat0005,180,1
573230,10,28,2021,11:55,13199,United Kingdom,48,8592, Thomas Russell,@example.com,cat0006,181,1
568656,9,28,2021,12:21,14911,EIRE,70,14162, Eleanor Griffin,@example.com,cat0001,182,3
554502,5,24,2021,02:47,14289,United Kingdom,26,12468, Charles Diaz,@example.com,cat0002,183,1
581017,12,7,2021,10:06,14910,United Kingdom,80,11080, Kennedy Hayes,@example.com,cat0003,184,1
546428,3,13,2021,02:55,12681,France,185,34329, Josiah Myers,@example.com,cat0004,185,4
571090,10,13,2021,03:28,15271,United Kingdom,34,7950, Sadie Ford,@example.com,cat0005,186,1
540856,1,12,2021,10:16,16655,United Kingdom,373,81225, Christopher Hamilton,@example.com,cat0006,187,1
568242,9,26,2021,12:11,14931,Channel Islands,181,26165, Addison Graham,@example.com,cat0007,188,11
550713,4,20,2021,11:11,15159,United Kingdom,1,1250, Miles Sullivan,@example.com,cat0008,189,1
542100,1,25,2021,01:15,15339,United Kingdom,159,25790, Hailey Wallace,@example.com,cat0009,190,1
549833,4,12,2021,01:19,13458,United Kingdom,666,101514, Andrew West,@example.com,cat0006,191,1
571918,10,19,2021,04:05,17350,United Kingdom,240,15624, Anna Stone,@example.com,cat0007,192,1
537759,12,8,2020,11:42,13126,United Kingdom,108,20364, Roman Cole,@example.com,cat0008,193,1
555940,6,8,2021,10:10,14191,United Kingdom,98,35760, Caroline Bishop,@example.com,cat0009,194,1
560834,7,21,2021,12:15,16523,United Kingdom,204,48440, Isaiah Warren,@example.com,cat0005,195,1
554366,5,24,2021,10:24,17450,United Kingdom,3084,946848, Genesis Hunter,@example.com,cat0002,196,1
566520,9,13,2021,11:26,17757,United Kingdom,61,16119, Connor Black,@example.com,cat0003,197,1
537471,12,7,2020,10:51,14344,United Kingdom,3,1785, Elena Daniels,@example.com,cat0004,198,1
562034,8,2,2021,09:14,12449,Belgium,267,77795, Adam Carter,@example.com,cat0005,199,6
568332,9,26,2021,02:30,13434,United Kingdom,240,46140, Emily Lopez,@example.com,cat0006,200,1
537456,12,7,2020,09:43,17450,United Kingdom,780,198924, Daniel Murphy,@example.com,cat0007,201,1
569693,10,5,2021,03:18,17837,United Kingdom,105,25095, Sophia Thompson,@example.com,cat0008,202,1
573131,10,27,2021,04:44,15622,United Kingdom,106,38195, Liam Smith,@example.com,cat0004,203,1
540099,1,4,2021,04:41,15808,United Kingdom,322,73392, Mia Johnson,@example.com,cat0005,204,1
546220,3,10,2021,12:16,16745,United Kingdom,584,54110, Noah Brown,@example.com,cat0006,205,1
560252,7,17,2021,12:35,13468,United Kingdom,61,11587, Isabella Martinez,@example.com,cat0004,206,1
569653,10,5,2021,12:52,12451,Switzerland,1650,253956, Mason Garcia,@example.com,cat0005,207,12
575475,11,9,2021,04:03,17702,United Kingdom,302,48560, Ava Lee,@example.com,cat0006,208,1
575703,11,10,2021,04:59,13767,United Kingdom,902,173530, Jacob Wilson,@example.com,cat0007,209,1
556279,6,9,2021,07:55,14562,United Kingdom,59,21539, Charlotte Clark,@example.com,cat0008,210,1
578951,11,27,2021,02:40,15514,United Kingdom,277,49923, Ethan Lewis,@example.com,cat0009,211,1
578947,11,27,2021,01:49,14547,United Kingdom,438,53458, Amelia Walker,@example.com,cat0004,212,1
570129,10,7,2021,01:34,12885,United Kingdom,293,51947, Logan Hall,@example.com,cat0005,213,1
566607,9,13,2021,04:40,13032,United Kingdom,175,49630, Harper Allen,@example.com,cat0006,214,1
580887,12,6,2021,12:26,13755,United Kingdom,80,15690, Aiden Young,@example.com,cat0005,215,1
552523,5,9,2021,04:38,15797,United Kingdom,200,33000, Evelyn Hernandez,@example.com,cat0006,216,1
541263,1,16,2021,04:10,16843,United Kingdom,534,75906, Lucas King,@example.com,cat0007,217,1
542796,2,1,2021,11:07,17356,United Kingdom,166,17822, Abigail Wright,@example.com,cat0008,218,1
566776,9,15,2021,09:53,14911,EIRE,226,36837, Elijah Scott,@example.com,cat0004,219,3
544170,2,16,2021,02:01,16148,United Kingdom,72,7632, Ella Green,@example.com,cat0005,220,1
539469,12,19,2020,01:59,17841,United Kingdom,152,28352, James Adams,@example.com,cat0006,221,1
549670,4,11,2021,12:45,16168,United Kingdom,88,14120, Scarlett Baker,@example.com,cat0007,222,1
573902,11,1,2021,02:51,17428,United Kingdom,48,31118, Benjamin Gonzalez,@example.com,cat0008,223,1
544826,2,24,2021,09:36,14513,United Kingdom,7,1875, Grace Nelson,@example.com,cat0009,224,1
541086,1,13,2021,12:32,16503,United Kingdom,118,35370, Alexander Carter,@example.com,cat0001,225,1
543824,2,14,2021,09:31,14631,United Kingdom,160,30950, Lily Mitchell,@example.com,cat0002,226,1
552464,5,9,2021,03:12,12726,France,333,22340, Michael Perez,@example.com,cat0003,227,4
551515,5,1,2021,10:51,15606,United Kingdom,104,32088, Zoey Roberts,@example.com,cat0004,228,1
540160,1,5,2021,11:50,15769,United Kingdom,1032,257448, Sebastian Turner,@example.com,cat0005,229,1
565631,9,5,2021,03:49,14680,United Kingdom,568,122616, Aria Phillips,@example.com,cat0006,230,1
580281,12,2,2021,01:15,12704,Finland,81,19876, Henry Campbell,@example.com,cat0007,231,13
559157,7,6,2021,03:53,13999,United Kingdom,167,30703, Chloe Parker,@example.com,cat0008,232,1
566257,9,11,2021,12:34,13324,United Kingdom,680,85560, Jackson Evans,@example.com,cat0009,233,1
554286,5,23,2021,02:16,17686,United Kingdom,97,38696, Natalie Edwards,@example.com,cat0001,234,1
546741,3,16,2021,12:22,13261,United Kingdom,20,9900, Levi Collins,@example.com,cat0002,235,1
546029,3,9,2021,08:59,15206,United Kingdom,6,1770, Aurora Stewart,@example.com,cat0003,236,1
543278,2,6,2021,02:43,16745,United Kingdom,406,20382, Owen Sanchez,@example.com,cat0004,237,1
540630,1,10,2021,11:59,17849,United Kingdom,19,21775, Hannah Morris,@example.com,cat0005,238,1
547563,3,24,2021,08:56,15651,United Kingdom,238,22732, Mateo Rogers,@example.com,cat0006,239,1
554105,5,22,2021,02:04,14711,United Kingdom,111,21306, Layla Reed,@example.com,cat0007,240,1
539442,12,17,2020,03:39,16558,United Kingdom,127,31115, Carter Cook,@example.com,cat0008,241,1
563952,8,22,2021,10:44,15572,United Kingdom,267,67925, Victoria Morgan,@example.com,cat0009,242,1
545162,2,28,2021,01:35,16187,United Kingdom,247,48090, Julian Bell,@example.com,cat0001,243,1
564966,8,31,2021,03:08,17677,United Kingdom,24,3480, Penelope Murphy,@example.com,cat0002,244,1
578354,11,24,2021,10:12,17139,United Kingdom,232,46852, Wyatt Bailey,@example.com,cat0003,245,1
572926,10,27,2021,09:23,15659,United Kingdom,111,30645, Riley Rivera,@example.com,cat0004,246,1
570292,10,10,2021,11:59,13418,United Kingdom,124,37068, Gabriel Cooper,@example.com,cat0005,247,1
550972,4,21,2021,05:05,14031,United Kingdom,46,9963, Zoe Richardson,@example.com,cat0006,248,1
541850,1,23,2021,01:58,14224,United Kingdom,99,24430, Grayson Cox,@example.com,cat0004,249,1
573124,10,27,2021,04:24,13654,United Kingdom,24,9960, Nora Howard,@example.com,cat0005,250,1
571080,10,13,2021,03:19,13719,United Kingdom,77,25049, Isaac Ward,@example.com,cat0006,251,1
565420,9,4,2021,12:09,16326,United Kingdom,85,31305, Ellie Peterson,@example.com,cat0007,252,1
554633,5,25,2021,11:44,14287,United Kingdom,144,1728, Anthony Gray,@example.com,cat0005,253,1
543464,2,8,2021,02:15,16779,United Kingdom,308,36432, Hazel Ramirez,@example.com,cat0006,254,1
553655,5,18,2021,11:14,16775,United Kingdom,31,11470, Lincoln James,@example.com,cat0007,255,1
553559,5,17,2021,05:12,14931,Channel Islands,1,29300, Stella Watson,@example.com,cat0003,256,11
551391,4,28,2021,12:06,15514,United Kingdom,152,38520, Nathan Brooks,@example.com,cat0004,257,1
544391,2,18,2021,11:53,15755,United Kingdom,198,31468, Lucy Kelly,@example.com,cat0005,258,1
575039,11,8,2021,11:53,15005,United Kingdom,245,32722, Caleb Sanders,@example.com,cat0006,259,1
544098,2,16,2021,10:04,16019,United Kingdom,396,112935, Lillian Price,@example.com,cat0006,260,1
579495,11,29,2021,03:34,13576,United Kingdom,180,32748, Christian Bennett,@example.com,cat0007,261,1
569550,10,4,2021,05:32,15955,United Kingdom,10,850, Zoey Wood,@example.com,cat0008,262,1
556827,6,15,2021,10:29,15134,United Kingdom,101,17163, Samuel Barnes,@example.com,cat0009,263,1
541278,1,17,2021,11:53,14135,United Kingdom,52,16740, Leah Ross,@example.com,cat0006,264,1
553192,5,15,2021,01:27,15333,United Kingdom,344,102856, Dylan Henderson,@example.com,cat0006,265,1
548739,4,4,2021,11:28,15493,United Kingdom,106,41249, Audrey Coleman,@example.com,cat0007,266,1
562949,8,11,2021,09:47,14346,United Kingdom,501,75914, Leo Jenkins,@example.com,cat0008,267,1
542806,2,1,2021,11:20,12836,United Kingdom,254,79899, Savannah Perry,@example.com,cat0009,268,1
573757,11,1,2021,09:46,17166,United Kingdom,21,7875, Hunter Powell,@example.com,cat0005,269,1
542925,2,2,2021,09:39,14457,United Kingdom,88,11364, Brooklyn Long,@example.com,cat0006,270,1
545158,2,28,2021,01:28,15874,United Kingdom,52,58435, Eli Patterson,@example.com,cat0007,271,1
549826,4,12,2021,12:53,15044,United Kingdom,114,44050, Bella Hughes,@example.com,cat0008,272,1
573830,11,1,2021,11:35,16960,United Kingdom,76,14896, Jonathan Flores,@example.com,cat0005,273,1
548196,3,29,2021,03:44,16011,United Kingdom,63,11855, Skylar Washington,@example.com,cat0006,274,1
575331,11,9,2021,01:52,13209,United Kingdom,593,104966, Aaron Butler,@example.com,cat0007,275,1
566491,9,13,2021,10:25,14060,United Kingdom,216,29424, Violet Simmons,@example.com,cat0008,276,1
572670,10,25,2021,01:14,13685,United Kingdom,1524,59436, Cameron Foster,@example.com,cat0009,277,1
554356,5,24,2021,09:25,12670,France,210,39334, Claire Bryant,@example.com,cat0002,278,4
566062,9,8,2021,03:39,14522,United Kingdom,251,48207, Ezra Alexander,@example.com,cat0003,279,1
551293,4,27,2021,02:28,14298,United Kingdom,618,42864, Paisley Russell,@example.com,cat0004,280,1
574747,11,7,2021,08:34,15618,United Kingdom,239,35781, Thomas Griffin,@example.com,cat0005,281,1
555846,6,7,2021,01:21,14180,United Kingdom,21,14915, Eleanor Diaz,@example.com,cat0006,282,1
540455,1,7,2021,12:07,12583,France,491,73016, Charles Hayes,@example.com,cat0007,283,4
562721,8,8,2021,04:31,15985,United Kingdom,208,24284, Kennedy Myers,@example.com,cat0008,284,1
545021,2,25,2021,02:11,17663,United Kingdom,179,37139, Josiah Ford,@example.com,cat0003,285,1
555367,6,2,2021,02:28,17900,United Kingdom,49,7980, Sadie Hamilton,@example.com,cat0004,286,1
569907,10,6,2021,04:41,12569,Germany,13,7740, Christopher Graham,@example.com,cat0005,287,2
559819,7,12,2021,04:58,12682,France,117,25670, Addison Sullivan,@example.com,cat0006,288,4
575579,11,10,2021,11:49,13081,United Kingdom,144,7200, Miles Wallace,@example.com,cat0007,289,1
578665,11,24,2021,05:02,16570,United Kingdom,208,42708, Hailey West,@example.com,cat0008,290,1
547796,3,25,2021,12:34,14646,Netherlands,731,140786, Andrew Stone,@example.com,cat0002,291,10
543032,2,2,2021,03:39,12990,United Kingdom,50,9750, Anna Cole,@example.com,cat0003,292,1
562166,8,3,2021,12:10,13209,United Kingdom,524,59526, Roman Bishop,@example.com,cat0004,293,1
556235,6,9,2021,03:29,12778,Netherlands,85,8400, Caroline Warren,@example.com,cat0002,294,10
571741,10,19,2021,10:36,15610,United Kingdom,66,11246, Isaiah Hunter,@example.com,cat0003,295,1
537354,12,6,2020,12:23,12748,United Kingdom,85,13307, Genesis Black,@example.com,cat0004,296,1
560576,7,19,2021,02:59,17287,United Kingdom,110,20207, Connor Daniels,@example.com,cat0005,297,1
581253,12,8,2021,11:15,16891,United Kingdom,28,11595, Elena Carter,@example.com,cat0003,298,1
572913,10,26,2021,04:21,15993,United Kingdom,678,86389, Adam Lopez,@example.com,cat0004,299,1
547324,3,22,2021,11:27,13014,United Kingdom,108,31780, Emily Murphy,@example.com,cat0005,300,1
579489,11,29,2021,03:22,16775,United Kingdom,27,12915, Daniel Thompson,@example.com,cat0006,301,1
565480,9,5,2021,11:27,18273,United Kingdom,40,10200, Sophia Smith,@example.com,cat0007,302,1
551558,5,3,2021,10:41,17841,United Kingdom,152,32771, Liam Johnson,@example.com,cat0005,303,1
536614,12,2,2020,09:44,17850,United Kingdom,12,2220, Mia Brown,@example.com,cat0008,304,1
559525,7,10,2021,10:30,16923,United Kingdom,214,39152, Noah Martinez,@example.com,cat0009,305,1
560714,7,20,2021,01:10,14456,United Kingdom,20,2625, Isabella Garcia,@example.com,cat0003,306,1
548746,4,4,2021,12:11,12471,Germany,40,5000, Mason Lee,@example.com,cat0006,307,2
566248,9,11,2021,12:06,13272,United Kingdom,72,14096, Ava Wilson,@example.com,cat0004,308,1
565475,9,5,2021,10:47,14156,EIRE,5034,748006, Jacob Clark,@example.com,cat0001,309,3
565424,9,4,2021,12:24,15215,United Kingdom,92,30004, Charlotte Lewis,@example.com,cat0002,310,1
540350,1,6,2021,02:14,18283,United Kingdom,61,10845, Ethan Walker,@example.com,cat0003,311,1
553612,5,18,2021,10:48,17556,United Kingdom,101,15790, Amelia Hall,@example.com,cat0004,312,1
540274,1,6,2021,11:59,14618,United Kingdom,92,21180, Logan Allen,@example.com,cat0005,313,1
550996,4,26,2021,08:57,16681,United Kingdom,260,31492, Harper Young,@example.com,cat0006,314,1
581580,12,9,2021,12:20,12748,United Kingdom,82,9411, Aiden Hernandez,@example.com,cat0007,315,1
574149,11,3,2021,11:29,13709,United Kingdom,293,77490, Evelyn King,@example.com,cat0008,316,1
544408,2,18,2021,01:29,16726,United Kingdom,106,6100, Lucas Wright,@example.com,cat0009,317,1
540273,1,6,2021,11:57,17368,United Kingdom,711,56315, Abigail Scott,@example.com,cat0001,318,1
578993,11,27,2021,03:38,15987,United Kingdom,182,24486, Elijah Green,@example.com,cat0002,319,1
581395,12,8,2021,01:18,16892,United Kingdom,35,12312, Ella Adams,@example.com,cat0003,320,1
543279,2,6,2021,02:46,17105,United Kingdom,359,31940, James Baker,@example.com,cat0004,321,1
577813,11,22,2021,09:06,14297,United Kingdom,458,58038, Scarlett Gonzalez,@example.com,cat0002,322,1
545103,2,28,2021,11:57,15039,United Kingdom,2,1190, Benjamin Nelson,@example.com,cat0003,323,1
552245,5,6,2021,07:42,12748,United Kingdom,14,10887, Grace Carter,@example.com,cat0004,324,1
542905,2,1,2021,03:11,12540,Spain,193,28898, Alexander Mitchell,@example.com,cat0005,325,14
574705,11,6,2021,02:06,14553,United Kingdom,21,19440, Lily Perez,@example.com,cat0003,326,1
565141,9,1,2021,01:40,17841,United Kingdom,212,35439, Michael Roberts,@example.com,cat0004,327,1
560246,7,17,2021,12:17,14292,United Kingdom,328,135310, Zoey Turner,@example.com,cat0005,328,1
554026,5,20,2021,01:34,13324,United Kingdom,376,64872, Sebastian Phillips,@example.com,cat0006,329,1
574952,11,8,2021,09:47,13924,United Kingdom,123,17233, Aria Campbell,@example.com,cat0007,330,1
564095,8,23,2021,10:31,14930,Channel Islands,52,16558, Henry Parker,@example.com,cat0008,331,11
577298,11,18,2021,12:49,14299,United Kingdom,497,52555, Chloe Evans,@example.com,cat0009,332,1
557886,6,23,2021,01:39,17799,United Kingdom,233,58004, Jackson Edwards,@example.com,cat0004,333,1
536884,12,3,2020,11:42,14589,United Kingdom,5,3975, Natalie Collins,@example.com,cat0005,334,1
572676,10,25,2021,01:30,16258,United Kingdom,649,146245, Levi Stewart,@example.com,cat0006,335,1
557126,6,16,2021,07:21,18168,United Kingdom,83,11515, Aurora Sanchez,@example.com,cat0007,336,1
557118,6,16,2021,05:05,14849,United Kingdom,254,36416, Owen Morris,@example.com,cat0007,337,1
562885,8,10,2021,11:30,14024,United Kingdom,51,6525, Hannah Rogers,@example.com,cat0008,338,1
576906,11,17,2021,09:33,18225,United Kingdom,575,61648, Mateo Reed,@example.com,cat0009,339,1
552248,5,6,2021,07:49,12748,United Kingdom,3,715, Layla Cook,@example.com,cat0005,340,1
560997,7,22,2021,01:59,12627,Germany,426,76802, Carter Morgan,@example.com,cat0006,341,2
569702,10,5,2021,04:09,14396,United Kingdom,186,37764, Victoria Bell,@example.com,cat0007,342,1
580372,12,2,2021,05:04,16359,United Kingdom,91,11073, Julian Murphy,@example.com,cat0008,343,1
543121,2,3,2021,01:58,12662,Germany,184,33670, Penelope Bailey,@example.com,cat0009,344,2
565240,9,2,2021,10:05,17949,United Kingdom,372,104712, Wyatt Rivera,@example.com,cat0006,345,1
539338,12,17,2020,10:54,17404,Sweden,3714,264630, Riley Cooper,@example.com,cat0002,346,5
571439,10,17,2021,01:25,17206,United Kingdom,76,20424, Gabriel Richardson,@example.com,cat0002,347,1
566667,9,14,2021,11:34,14660,United Kingdom,124,15679, Zoe Cox,@example.com,cat0001,348,1
538879,12,14,2020,03:50,15392,United Kingdom,402,33898, Grayson Howard,@example.com,cat0005,349,1
546520,3,14,2021,12:28,14911,EIRE,498,70660, Nora Ward,@example.com,cat0006,350,3
559981,7,14,2021,11:30,14562,United Kingdom,246,60354, Isaac Peterson,@example.com,cat0007,351,1
565426,9,4,2021,12:41,12851,United Kingdom,109,13518, Ellie Gray,@example.com,cat0008,352,1
578999,11,27,2021,04:08,17595,United Kingdom,144,23089, Anthony Ramirez,@example.com,cat0009,353,1
577158,11,18,2021,09:58,16293,United Kingdom,135,34283, Hazel James,@example.com,cat0007,354,1
569249,10,3,2021,10:15,14092,United Kingdom,153,35117, Lincoln Watson,@example.com,cat0008,355,1
536370,12,1,2020,08:45,12583,France,449,85586, Stella Brooks,@example.com,cat0009,356,4
564040,8,22,2021,12:45,14560,United Kingdom,16,5720, Nathan Kelly,@example.com,cat0003,357,1
549983,4,13,2021,03:55,16348,United Kingdom,77,15729, Lucy Sanders,@example.com,cat0006,358,1
567628,9,21,2021,01:01,14060,United Kingdom,646,73858, Caleb Price,@example.com,cat0004,359,1
558389,6,29,2021,10:18,14383,United Kingdom,201,24209, Lillian Bennett,@example.com,cat0001,360,1
567917,9,22,2021,05:19,14298,United Kingdom,2235,136461, Christian Wood,@example.com,cat0002,361,1
579121,11,28,2021,12:01,17299,United Kingdom,69,9106, Zoey Barnes,@example.com,cat0003,362,1
565324,9,2,2021,01:18,13232,United Kingdom,105,16985, Samuel Ross,@example.com,cat0004,363,1
548148,3,29,2021,12:31,17931,United Kingdom,164,29720, Leah Henderson,@example.com,cat0005,364,1
580658,12,5,2021,01:44,17090,United Kingdom,122,22404, Dylan Coleman,@example.com,cat0006,365,1
580308,12,2,2021,02:30,14250,United Kingdom,138,24022, Audrey Jenkins,@example.com,cat0007,366,1
563177,8,12,2021,02:03,17293,United Kingdom,1,6500, Leo Perry,@example.com,cat0008,367,1
571622,10,18,2021,10:58,14798,United Kingdom,46,7634, Savannah Powell,@example.com,cat0009,368,1
578029,11,22,2021,01:33,16985,United Kingdom,285,86070, Hunter Long,@example.com,cat0001,369,1
543907,2,14,2021,12:16,17346,United Kingdom,62,10557, Brooklyn Patterson,@example.com,cat0002,370,1
553205,5,16,2021,08:13,15813,United Kingdom,234,53326, Eli Hughes,@example.com,cat0003,371,1
577393,11,18,2021,05:06,14031,United Kingdom,806,206809, Bella Flores,@example.com,cat0004,372,1
552972,5,12,2021,01:43,16043,United Kingdom,85,22454, Jonathan Washington,@example.com,cat0002,373,1
554997,5,29,2021,03:35,16746,United Kingdom,226,32196, Skylar Butler,@example.com,cat0003,374,1
576326,11,14,2021,03:18,16504,United Kingdom,524,48438, Aaron Simmons,@example.com,cat0004,375,1
568150,9,25,2021,11:39,16689,United Kingdom,64,12844, Violet Foster,@example.com,cat0005,376,1
557670,6,22,2021,10:11,12798,Japan,2256,160704, Cameron Bryant,@example.com,cat0002,377,15
562460,8,5,2021,11:19,17841,United Kingdom,169,24583, Claire Alexander,@example.com,cat0004,378,1
576388,11,15,2021,10:00,17510,United Kingdom,214,30848, Ezra Russell,@example.com,cat0005,379,1
555836,6,7,2021,12:36,13098,United Kingdom,469,53136, Paisley Griffin,@example.com,cat0006,380,1
543273,2,6,2021,11:29,16456,United Kingdom,247,44928, Thomas Diaz,@example.com,cat0007,381,1
581399,12,8,2021,01:27,17528,United Kingdom,198,20050, Eleanor Hayes,@example.com,cat0008,382,1
544905,2,24,2021,01:54,17117,United Kingdom,68,11620, Charles Myers,@example.com,cat0009,383,1
576650,11,16,2021,10:34,14286,United Kingdom,1505,193590, Kennedy Ford,@example.com,cat0004,384,1
549274,4,7,2021,01:07,12721,France,239,36620, Josiah Hamilton,@example.com,cat0005,385,4
575710,11,10,2021,05:29,17901,United Kingdom,24,11038, Sadie Graham,@example.com,cat0006,386,1
562788,8,9,2021,01:48,17669,United Kingdom,206,36850, Christopher Sullivan,@example.com,cat0007,387,1
555286,6,2,2021,09:40,14298,United Kingdom,36,5100, Addison Wallace,@example.com,cat0007,388,1
554667,5,25,2021,03:18,15727,United Kingdom,214,37482, Miles West,@example.com,cat0008,389,1
548991,4,5,2021,01:48,16915,United Kingdom,29,11249, Hailey Stone,@example.com,cat0009,390,1
554709,5,26,2021,10:35,15769,United Kingdom,600,108600, Andrew Cole,@example.com,cat0005,391,1
570333,10,10,2021,12:19,18126,United Kingdom,144,20683, Anna Bishop,@example.com,cat0006,392,1
556214,6,9,2021,02:14,14913,United Kingdom,455,30132, Roman Warren,@example.com,cat0007,393,1
569850,10,6,2021,01:59,16432,United Kingdom,276,28740, Caroline Hunter,@example.com,cat0008,394,1
557351,6,20,2021,10:42,16670,United Kingdom,4,1300, Isaiah Black,@example.com,cat0009,395,1
571692,10,18,2021,02:34,13860,United Kingdom,7,2729, Genesis Daniels,@example.com,cat0006,396,1
563613,8,18,2021,08:49,12688,Israel,3028,487381, Connor Carter,@example.com,cat0002,397,8
564821,8,30,2021,12:16,14078,United Kingdom,73,22146, Elena Lopez,@example.com,cat0002,398,1
565123,9,1,2021,11:56,17949,United Kingdom,96,48000, Adam Murphy,@example.com,cat0001,399,1
